{"cameraMode":{"drawMode":0,"name":"Shaded","section":"Shading Mode"},"sceneLighting":true,"audioPlay":false,"sceneViewState":{"m_AlwaysRefresh":false,"showFog":true,"showSkybox":true,"showFlares":true,"showImageEffects":true,"showParticleSystems":true,"showVisualEffectGraphs":true,"m_FxEnabled":true},"in2DMode":false,"pivot":{"x":-0.03221611678600311,"y":0.016600612550973893,"z":0.5810213685035706},"rotation":{"x":-0.1004147157073021,"y":-0.06651371717453003,"z":0.006727893836796284,"w":-0.992698609828949},"size":0.1808519959449768,"orthographic":false}