{"cameraMode":{"drawMode":0,"name":"Shaded","section":"Shading Mode"},"sceneLighting":false,"audioPlay":false,"sceneViewState":{"m_AlwaysRefresh":false,"showFog":true,"showSkybox":false,"showFlares":true,"showImageEffects":true,"showParticleSystems":true,"showVisualEffectGraphs":true,"m_FxEnabled":true},"in2DMode":false,"pivot":{"x":1.4380671977996827,"y":1.1774985790252686,"z":0.006004810333251953},"rotation":{"x":-0.8406724333763123,"y":-0.07094947248697281,"z":0.1136741116642952,"w":-0.5247038006782532},"size":0.10740949958562851,"orthographic":false}